email,name
integration+test1sep27@appen.com,Michael Smith
integration+test2sep27@appen.com,Bryan Young
integration+test3sep27@appen.com,Daniel Rice
integration+test4sep27@appen.com,Tamara Andrews
integration+test5sep27@appen.com,Jeffery Matthews
integration+test6sep27@appen.com,Joshua Davenport
integration+test7sep27@appen.com,Suzanne Allen
integration+test8sep27@appen.com,Jonathan Jones
integration+test9sep27@appen.com,Richard Lozano
integration+test10sep27@appen.com,Cynthia Hernandez
integration+test11sep27@appen.com,Sara Rodriguez
integration+test12sep27@appen.com,Julie Stewart